Identifiers,Values,Pairs,Type
S1,NaN,1,Maybe
S1,NaN,2,Maybe
S1,NaN,3,Maybe
S1,NaN,4,No
S1,NaN,5,Maybe
S1,30.0975421779237,6,No
S1,95.4232973502905,7,No
S1,89.8687473841585,8,Maybe
S1,23.1313748573213,9,No
S1,37.9645725887952,10,No
S1,NaN,11,Maybe
S1,7.2180482847505,12,Maybe
S1,NaN,13,Maybe
S1,95.4780503706261,14,Maybe
S1,NaN,15,Maybe
S1,31.8213170163186,16,No
S1,30.621509326756,17,Maybe
S1,6.7405797893782,18,No
S1,81.1440437250128,19,No
S1,30.4704051739473,20,No
S1,NaN,21,Yes
S1,55.527418029302,22,Maybe
S1,89.5514724779595,23,Maybe
S1,87.6863767893598,24,No
S1,24.0694769224114,25,Maybe
S1,NaN,26,No
S1,48.2284781949927,27,Maybe
S1,77.7923915836902,28,Maybe
S1,9.76585947095298,29,Maybe
S1,53.6744745088454,30,Maybe
S1,78.3823713561635,31,Maybe
S1,6.54267727736459,32,Maybe
S1,0.559569517883551,33,Maybe
S1,71.681816046213,34,Maybe
S1,51.9251819784497,35,No
S1,NaN,36,Maybe
S1,14.3683704634406,37,Maybe
S1,94.2154271070843,38,Maybe
S1,26.7812409465598,39,Maybe
S1,84.5715197250595,40,Maybe
S1,32.2089863809512,41,Maybe
S1,91.3388360786782,42,Maybe
S1,96.0020455373103,43,Maybe
S1,64.3259357746376,44,Maybe
S1,84.2052626387614,45,Maybe
S1,89.9193554449296,46,Maybe
S1,34.008818237295,47,Maybe
S1,56.2971485327024,48,Maybe
S1,62.0238127537074,49,Maybe
S1,45.1004648008956,50,Maybe
S1,16.5209940418635,51,Maybe
S1,79.9942489304946,52,Maybe
S1,46.2545462387608,53,No
S1,66.9470083437331,54,No
S1,6.75387117369625,55,Maybe
S1,36.379227105743,56,Maybe
S1,88.9100607909162,57,No
S1,54.7943055234087,58,Yes
S1,7.34310877671862,59,Maybe
S1,NaN,60,No
S1,99.9900332715363,61,No
S1,86.869630775802,62,Maybe
S1,94.1333083676939,63,Yes
S1,65.050823915482,64,Maybe
S1,20.4477986511044,65,No
S1,59.0846178319449,66,No
S1,32.7359714872887,67,Maybe
S1,24.3196575331128,68,No
S1,59.6651955067075,69,Maybe
S1,56.4042739428988,70,No
S1,99.6069348636485,71,No
S1,26.0686079335294,72,Maybe
S1,8.34871925690857,73,No
S1,5.6144613554911,74,No
S1,93.0832003158463,75,No
S1,44.8071628836719,76,Maybe
S1,97.8376650800964,77,No
S1,42.797368256977,78,No
S1,22.7798685513678,79,No
S1,98.0759086114737,80,Maybe
S1,NaN,81,No
S1,77.3533956603137,82,No
S1,53.6101242812552,83,No
S1,89.9331362174294,84,Maybe
S1,52.7955393317807,85,No
S1,17.4833808994208,86,Maybe
S1,7.10462311524797,87,Yes
S1,NaN,88,No
S1,58.6444255979089,89,Yes
S1,82.4230446378,90,Maybe
S1,98.4190913796994,91,No
S1,79.3923149101606,92,Yes
S1,NaN,93,No
S1,54.3538408103074,94,Maybe
S1,NaN,95,Yes
S1,39.8782971518664,96,No
S1,NaN,97,Maybe
S1,NaN,98,No
S1,45.9003755720843,99,No
S1,NaN,100,No
S1,NaN,101,Maybe
S1,42.908756464859,102,Yes
S1,NaN,103,No
S1,NaN,104,No
S1,NaN,105,Maybe
S1,17.7319766225231,106,Maybe
S1,NaN,107,No
S1,NaN,108,Yes
S1,NaN,109,No
S1,18.0375413563589,110,No
S1,13.2516443193431,111,No
S1,75.2359118666582,112,Maybe
S1,19.6591008045937,113,Yes
S1,29.1964645651341,114,No
S1,32.5831233181146,115,Yes
S1,42.1621586415926,116,Maybe
S1,62.0534784851257,117,No
S1,34.6343368018259,118,Maybe
S1,2.04699949267741,119,Yes
S1,61.3372642764905,120,Yes
S1,75.264253324371,121,Maybe
S1,6.22077379972691,122,Maybe
S1,8.06450572100754,123,Yes
S1,NaN,124,No
S1,6.00920759849043,125,Yes
S1,NaN,126,Maybe
S1,NaN,127,No
S1,95.8336278854784,128,No
S1,29.5288772021883,129,Maybe
S1,77.1894984008561,130,Maybe
S1,15.0354445271822,131,Maybe
S1,79.9578583157429,132,Yes
S1,80.1456179626495,133,No
S1,76.411166503527,134,No
S1,59.2257729994507,135,Maybe
S1,1.43626291671362,136,Yes
S1,1.90164647511125,137,No
S1,62.0188083835196,138,Yes
S1,87.156219176196,139,Maybe
S1,29.4394542280008,140,Maybe
S1,94.3357541659824,141,No
S1,50.994014787602,142,Maybe
S1,2.18413305473959,143,No
S1,3.36061227463074,144,Maybe
S1,17.0838215161768,145,Maybe
S1,16.6018284206327,146,No
S1,18.7023276023298,147,No
S1,25.1084171779819,148,Maybe
S1,49.8619605253522,149,Maybe
S1,32.3305919581498,150,Yes
S1,96.8431437801385,151,Yes
S1,45.6398204389308,152,Maybe
S1,NaN,153,No
S1,NaN,154,Maybe
S1,30.8785392241217,155,Maybe
S1,90.8235694640517,156,Yes
S1,NaN,157,Yes
S1,98.4787713912202,158,No
S1,64.4353048726528,159,Maybe
S1,45.5051517816286,160,Maybe
S1,NaN,161,Yes
S1,13.7002679707265,162,Maybe
S1,60.6376444724423,163,Maybe
S1,NaN,164,No
S1,NaN,165,Yes
S1,39.5269556921537,166,No
S1,18.6915913744917,167,Yes
S1,NaN,168,Yes
S1,10.1023097359321,169,Yes
S1,NaN,170,Yes
S1,90.2798517141629,171,No
S1,38.3525145177454,172,Yes
S1,94.5165404420487,173,Maybe
S1,80.4160364817029,174,No
S1,NaN,175,No
S1,98.3289047384233,176,No
S1,27.7919124259922,177,Yes
S1,79.6430891760394,178,Yes
S1,3.73995221902382,179,Yes
S1,30.0046054589608,180,No
S1,21.3060593479995,181,Maybe
S1,NaN,182,Yes
S1,88.2643658259341,183,No
S1,81.3238382359851,184,Yes
S1,NaN,185,No
S1,24.4603258498218,186,Maybe
S1,82.7738067765745,187,Yes
S1,NaN,188,Yes
S1,23.9044319146179,189,Yes
S1,1.09308365320286,190,No
S1,NaN,191,No
S1,18.9436732393939,192,Yes
S1,NaN,193,Yes
S1,61.5784701984534,194,Maybe
S1,NaN,195,Maybe
S1,NaN,196,Yes
S1,NaN,197,No
S1,NaN,198,Yes
S1,25.0325258250566,199,No
S1,6.0962753316724,200,Maybe
S2,NaN,1,Maybe
S2,NaN,2,Maybe
S2,NaN,3,Maybe
S2,NaN,4,No
S2,NaN,5,Maybe
S2,33.5267148437861,6,No
S2,22.4430048480739,7,No
S2,11.7716435512255,8,Maybe
S2,40.4578526498437,9,No
S2,34.2244961047327,10,No
S2,NaN,11,Maybe
S2,62.8477311456111,12,Maybe
S2,NaN,13,Maybe
S2,37.8005795057406,14,Maybe
S2,NaN,15,Maybe
S2,18.0095900338877,16,No
S2,29.8726566275929,17,Maybe
S2,7.06103378681138,18,No
S2,68.2016134626289,19,No
S2,77.8799998515487,20,No
S2,NaN,21,Yes
S2,29.3336496967116,22,Maybe
S2,9.33164494802372,23,Maybe
S2,29.5908090065683,24,No
S2,96.2248672253661,25,Maybe
S2,NaN,26,No
S2,42.1193872841644,27,Maybe
S2,82.5115288526825,28,Maybe
S2,26.4006928979675,29,Maybe
S2,63.5425302120117,30,Maybe
S2,81.8469624735503,31,Maybe
S2,66.4246227583034,32,Maybe
S2,4.64123270403304,33,Maybe
S2,54.0694315223467,34,Maybe
S2,54.0248895060403,35,No
S2,NaN,36,Maybe
S2,89.6303251630668,37,Maybe
S2,44.3225369322941,38,Maybe
S2,12.583741414706,39,Maybe
S2,51.0425187592525,40,Maybe
S2,72.6758400772389,41,Maybe
S2,23.9041410917996,42,Maybe
S2,80.3899810066585,43,Maybe
S2,65.2862978370662,44,Maybe
S2,88.7828705248739,45,Maybe
S2,9.81854187802038,46,Maybe
S2,18.5610786115816,47,Maybe
S2,23.7864905089363,48,Maybe
S2,68.9497348158794,49,Maybe
S2,38.6400262776861,50,Maybe
S2,57.4720335252676,51,Maybe
S2,60.1520001828144,52,Maybe
S2,0.443250509700271,53,No
S2,29.5864568121386,54,No
S2,22.564089854205,55,Maybe
S2,8.63997542262456,56,Maybe
S2,37.5366680051116,57,No
S2,55.7267057859491,58,Yes
S2,55.8112606742998,59,Maybe
S2,NaN,60,No
S2,72.0514062507149,61,No
S2,70.5039391830744,62,Maybe
S2,25.3956419069408,63,Yes
S2,71.7200438848667,64,Maybe
S2,76.318455360205,65,No
S2,54.3874174331633,66,No
S2,80.411705632676,67,Maybe
S2,4.0237009463887,68,No
S2,21.7386081539627,69,Maybe
S2,3.6939835547069,70,No
S2,73.8199869887408,71,No
S2,94.1808860964261,72,Maybe
S2,77.8480937250673,73,No
S2,29.1000330285367,74,No
S2,76.4673238852461,75,No
S2,45.319664986912,76,Maybe
S2,40.0067087377742,77,No
S2,42.3756606114543,78,No
S2,5.10055021497679,79,No
S2,35.2637297107737,80,Maybe
S2,NaN,81,No
S2,58.7493722153261,82,No
S2,64.2142536571949,83,No
S2,7.82277473266369,84,Maybe
S2,83.3637451220299,85,No
S2,56.355851753024,86,Maybe
S2,96.9558037000669,87,Yes
S2,NaN,88,No
S2,3.74315901595191,89,Yes
S2,62.1535000580897,90,Maybe
S2,44.3576064651911,91,No
S2,24.5335560354435,92,Yes
S2,NaN,93,No
S2,98.9881195747009,94,Maybe
S2,NaN,95,Yes
S2,67.6624545330095,96,No
S2,NaN,97,Maybe
S2,NaN,98,No
S2,68.9397553757395,99,No
S2,NaN,100,No
S2,NaN,101,Maybe
S2,81.5490924703841,102,Yes
S2,NaN,103,No
S2,NaN,104,No
S2,NaN,105,Maybe
S2,59.1912411746179,106,Maybe
S2,NaN,107,No
S2,NaN,108,Yes
S2,NaN,109,No
S2,56.6605072108704,110,No
S2,76.7323246171975,111,No
S2,95.5246856944619,112,Maybe
S2,67.7926970965362,113,Yes
S2,33.1815580506241,114,No
S2,11.7365726778123,115,Yes
S2,29.2883207219546,116,Maybe
S2,78.057315183971,117,No
S2,4.56340590705747,118,Maybe
S2,89.2811469750558,119,Yes
S2,40.6329632301885,120,Yes
S2,17.7412675626423,121,Maybe
S2,29.5676092007494,122,Maybe
S2,75.9601026487457,123,Yes
S2,NaN,124,No
S2,66.49504646077,125,Yes
S2,NaN,126,Maybe
S2,NaN,127,No
S2,49.7070394499377,128,No
S2,90.6080047243963,129,Maybe
S2,53.0902560345132,130,Maybe
S2,41.9698099130853,131,Maybe
S2,19.8980266970227,132,Yes
S2,4.28564490420096,133,No
S2,36.5338352461709,134,No
S2,93.2057702515712,135,Maybe
S2,34.5161434909676,136,Yes
S2,14.5024879411277,137,No
S2,89.6820040863662,138,Yes
S2,26.0301425029184,139,Maybe
S2,92.1564621858292,140,Maybe
S2,76.9042279734497,141,No
S2,30.7511934699933,142,Maybe
S2,18.5362649605693,143,No
S2,29.5648449678386,144,Maybe
S2,68.6779813451786,145,Maybe
S2,93.5785513393264,146,No
S2,26.6094212023613,147,No
S2,77.8403958516714,148,Maybe
S2,52.0974913212497,149,Maybe
S2,95.0692940608797,150,Yes
S2,3.93271840090045,151,Yes
S2,53.4667195049427,152,Maybe
S2,NaN,153,No
S2,NaN,154,Maybe
S2,19.8357145489603,155,Maybe
S2,58.3786556401268,156,Yes
S2,NaN,157,Yes
S2,98.1038198857819,158,No
S2,59.4170293150814,159,Maybe
S2,21.8894434533322,160,Maybe
S2,NaN,161,Yes
S2,6.49156556798637,162,Maybe
S2,20.8105118690667,163,Maybe
S2,NaN,164,No
S2,NaN,165,Yes
S2,26.12359438119,166,No
S2,30.3873278907543,167,Yes
S2,NaN,168,Yes
S2,54.5366605414243,169,Yes
S2,NaN,170,Yes
S2,19.1431624183262,171,No
S2,64.3374378124264,172,Yes
S2,41.7705300918534,173,Maybe
S2,5.24881291925561,174,No
S2,NaN,175,No
S2,77.6476339786402,176,No
S2,48.8592083164849,177,Yes
S2,43.4999686157085,178,Yes
S2,90.6336810020469,179,Yes
S2,20.2768114233919,180,No
S2,69.632058384863,181,Maybe
S2,NaN,182,Yes
S2,55.8128263484276,183,No
S2,15.6646855160674,184,Yes
S2,NaN,185,No
S2,15.5633211156099,186,Maybe
S2,37.5869910815467,187,Yes
S2,NaN,188,Yes
S2,34.2356526129289,189,Yes
S2,63.4021090166537,190,No
S2,NaN,191,No
S2,18.6106591677656,192,Yes
S2,NaN,193,Yes
S2,51.2560608715212,194,Maybe
S2,NaN,195,Maybe
S2,NaN,196,Yes
S2,NaN,197,No
S2,NaN,198,Yes
S2,77.7438533657704,199,No
S2,49.3162869271412,200,Maybe
I1,NaN,1,Maybe
I1,73.4013457969367,2,Maybe
I1,NaN,3,Maybe
I1,60.4655875147671,4,Maybe
I1,67.0021104638849,5,No
I1,18.2444586086535,6,Maybe
I1,30.0975671264131,7,No
I1,4.05846790074186,8,No
I1,18.5474354537848,9,No
I1,27.3556012710824,10,Maybe
I1,40.9103120389804,11,Yes
I1,34.7408661025595,12,No
I1,62.9585761399887,13,No
I1,12.0220984061024,14,No
I1,93.3185215242358,15,No
I1,4.2855181354683,16,Maybe
I1,59.6283614476102,17,Maybe
I1,76.0266266850522,18,No
I1,78.2280497627884,19,Maybe
I1,15.0062495597755,20,No
I1,84.2971184386998,21,No
I1,57.8176854743398,22,No
I1,52.3407871353084,23,No
I1,48.309035908266,24,No
I1,44.0053013021146,25,No
I1,38.0494641402667,26,Maybe
I1,93.9050819069555,27,Maybe
I1,49.3209624840068,28,No
I1,70.7040954257686,29,No
I1,NaN,30,No
I1,42.5517103611176,31,Maybe
I1,NaN,32,Maybe
I1,NaN,33,Maybe
I1,NaN,34,Maybe
I1,64.2585330274817,35,No
I1,36.8648666122756,36,Maybe
I1,79.2716126727307,37,No
I1,13.8866392355746,38,No
I1,4.05484268142367,39,Maybe
I1,48.3888601921759,40,No
I1,53.4807657364456,41,No
I1,84.3728215022167,42,Maybe
I1,19.786360401667,43,Maybe
I1,56.0176718919087,44,No
I1,NaN,45,No
I1,88.8086163797627,46,No
I1,NaN,47,Maybe
I1,84.7775326151695,48,No
I1,51.3104265273029,49,No
I1,34.9328109682168,50,No
I1,81.128234512289,51,Maybe
I1,56.8626054201928,52,No
I1,25.9580045571269,53,Maybe
I1,23.1047345258594,54,No
I1,27.1772754399885,55,No
I1,1.31481675627473,56,No
I1,74.7751072799249,57,No
I1,25.6079941971281,58,Yes
I1,90.5655261015799,59,Maybe
I1,63.4628605227775,60,No
I1,84.8264798429556,61,Maybe
I1,52.4872389071068,62,Maybe
I1,43.8980526565163,63,Maybe
I1,3.70734575232999,64,Maybe
I1,17.5046933174593,65,Maybe
I1,90.729246722605,66,Yes
I1,21.8326481612318,67,No
I1,41.9468184189867,68,No
I1,49.5656680957658,69,Maybe
I1,37.66596616742,70,Maybe
I1,83.6794033060206,71,Maybe
I1,77.626900968562,72,Maybe
I1,95.651382947768,73,No
I1,35.6737451328318,74,Maybe
I1,17.2815998187959,75,No
I1,NaN,76,No
I1,NaN,77,Maybe
I1,92.6115382073455,78,Yes
I1,14.6928438538666,79,Maybe
I1,67.5652171637791,80,No
I1,47.2195050149864,81,No
I1,75.7078478566862,82,No
I1,82.6728776574263,83,No
I1,17.1259911323917,84,Yes
I1,11.3017893376035,85,No
I1,69.2906661613981,86,No
I1,NaN,87,No
I1,42.2815229820571,88,No
I1,97.9942102165028,89,No
I1,82.7822799058372,90,No
I1,50.9300838348356,91,Yes
I1,95.0073701741464,92,No
I1,14.0874615589569,93,No
I1,4.40430205752695,94,No
I1,14.5327948355479,95,No
I1,87.4779524875544,96,No
I1,86.7737619001882,97,No
I1,97.665729498628,98,No
I1,25.1690374671038,99,Maybe
I1,NaN,100,No
I1,NaN,101,No
I1,33.3197456763974,102,No
I1,24.3560842329841,103,No
I1,1.62360424243511,104,Maybe
I1,19.8464152438337,105,Yes
I1,4.12713702701112,106,No
I1,46.1771066088637,107,No
I1,34.9807611815992,108,Maybe
I1,5.47588616623025,109,No
I1,62.5734740638982,110,No
I1,56.2377126432494,111,Maybe
I1,29.0037981214986,112,Maybe
I1,87.7366295074627,113,No
I1,0.700231014462583,114,No
I1,31.1933158036807,115,Yes
I1,55.057918129448,116,No
I1,84.2513813834388,117,Maybe
I1,79.6064192909193,118,Yes
I1,27.7470801648512,119,Maybe
I1,NaN,120,No
I1,19.1314409981946,121,Maybe
I1,74.4343227927945,122,No
I1,95.4542855200349,123,Maybe
I1,69.2236124691385,124,No
I1,98.8560922972107,125,Maybe
I1,70.3900484638995,126,Maybe
I1,NaN,127,Yes
I1,1.83855388814409,128,No
I1,86.8972457979783,129,Maybe
I1,65.5084523150734,130,Yes
I1,NaN,131,Yes
I1,28.3931565087661,132,Maybe
I1,NaN,133,Yes
I1,49.4638754807806,134,No
I1,NaN,135,Maybe
I1,NaN,136,Yes
I1,NaN,137,Yes
I1,99.4447112963437,138,Maybe
I1,94.6989659638374,139,Yes
I1,NaN,140,Yes
I1,NaN,141,Maybe
I1,4.25108102877335,142,No
I1,NaN,143,No
I1,0.984552139893103,144,Yes
I1,85.4206157615674,145,Maybe
I1,52.597980372172,146,No
I1,NaN,147,No
I1,79.3400908907932,148,No
I1,16.1918215659301,149,Maybe
I1,96.3381292129661,150,No
I1,56.1357880050211,151,Yes
I1,7.31575890153278,152,No
I1,48.6493311100767,153,Maybe
I1,49.11227869538,154,Yes
I1,70.3278980642163,155,No
I1,83.802331462423,156,No
I1,81.1578932047174,157,Maybe
I1,92.5383287413986,158,Yes
I1,71.950470358332,159,Maybe
I1,37.1617186893989,160,No
I1,84.6544963189205,161,Yes
I1,70.6186057420573,162,Maybe
I1,26.5605061839425,163,Maybe
I1,70.7382191066659,164,No
I1,34.4678462129029,165,Maybe
I1,NaN,166,Yes
I1,NaN,167,No
I1,79.0297603340552,168,Yes
I1,19.1775753783767,169,Yes
I1,NaN,170,Yes
I1,NaN,171,No
I1,73.2123513576647,172,Maybe
I1,NaN,173,Yes
I1,NaN,174,Yes
I1,32.8128173452615,175,Yes
I1,3.15129236886072,176,Yes
I1,97.9020257882556,177,Maybe
I1,45.0160007324969,178,Yes
I1,NaN,179,Yes
I1,93.7521949961283,180,Maybe
I1,NaN,181,Yes
I1,79.7762088846973,182,Yes
I1,NaN,183,No
I1,NaN,184,Yes
I1,49.9598165531293,185,Yes
I1,NaN,186,Yes
I1,34.5226162368502,187,Yes
I1,NaN,188,No
I1,NaN,189,Yes
I1,NaN,190,Yes
I1,68.4639254961745,191,Maybe
I1,NaN,192,Yes
I1,NaN,193,Yes
I1,38.9434101520242,194,Maybe
I1,39.1472320677366,195,Maybe
I1,NaN,196,Yes
I1,NaN,197,Maybe
I1,23.0017251455512,198,Maybe
I1,NaN,199,Maybe
I1,74.7335317644613,200,Maybe
I2,NaN,1,Maybe
I2,84.1954716425093,2,Maybe
I2,NaN,3,Maybe
I2,37.8596635549671,4,Maybe
I2,41.2328136140192,5,No
I2,27.5166242658593,6,Maybe
I2,5.7678413984367,7,No
I2,25.940560782513,8,No
I2,23.6134725248608,9,No
I2,80.204882158239,10,Maybe
I2,84.8901729653705,11,Yes
I2,61.7214470073994,12,No
I2,60.7760236723396,13,No
I2,54.6510082996082,14,No
I2,56.6698773089611,15,No
I2,87.3827795729318,16,Maybe
I2,69.0977637254019,17,Maybe
I2,43.545561737934,18,No
I2,59.3225001784497,19,Maybe
I2,79.1794683148183,20,No
I2,56.3679988644004,21,No
I2,67.7624469524499,22,No
I2,33.8528709591963,23,No
I2,63.7329147252681,24,No
I2,35.9187746554323,25,No
I2,48.8663375300129,26,Maybe
I2,90.7463109779133,27,Maybe
I2,47.0785608380889,28,No
I2,79.2283516203398,29,No
I2,NaN,30,No
I2,51.9993405234035,31,Maybe
I2,NaN,32,Maybe
I2,NaN,33,Maybe
I2,NaN,34,Maybe
I2,98.0846349684232,35,No
I2,43.8143701850475,36,Maybe
I2,59.8770507473187,37,No
I2,73.7074187420649,38,No
I2,93.5373563765151,39,Maybe
I2,94.5071437609128,40,No
I2,87.5039148429532,41,No
I2,19.0084715176557,42,Maybe
I2,36.1580742888164,43,Maybe
I2,27.6646394110205,44,No
I2,NaN,45,No
I2,87.8103310771807,46,No
I2,NaN,47,Maybe
I2,92.075517309043,48,No
I2,85.6715593297995,49,No
I2,42.1430667186303,50,No
I2,83.2670478381006,51,Maybe
I2,58.127400374064,52,No
I2,38.1217146312823,53,Maybe
I2,87.3595777395212,54,No
I2,53.1909680198181,55,No
I2,38.5894210032029,56,No
I2,1.35832914855788,57,No
I2,8.77077194843587,58,Yes
I2,68.8119266465438,59,Maybe
I2,52.5146962101178,60,No
I2,83.7749730203894,61,Maybe
I2,5.51791762844702,62,Maybe
I2,60.543276232469,63,Maybe
I2,34.2134243177249,64,Maybe
I2,47.6958492744854,65,Maybe
I2,81.2239794546186,66,Yes
I2,46.3745662963114,67,No
I2,59.522142341485,68,No
I2,31.0310163262465,69,Maybe
I2,30.3365046427558,70,Maybe
I2,96.2681921525793,71,Maybe
I2,51.0720347208835,72,Maybe
I2,89.2984162605591,73,No
I2,6.23069595859587,74,Maybe
I2,20.50782594867,75,No
I2,NaN,76,No
I2,NaN,77,Maybe
I2,68.4079626831075,78,Yes
I2,40.4497914593126,79,Maybe
I2,71.4981963776563,80,No
I2,52.9560885785219,81,No
I2,48.8072158805792,82,No
I2,57.3226064385958,83,No
I2,95.296411897759,84,Yes
I2,59.8291361460741,85,No
I2,78.6556360443538,86,No
I2,NaN,87,No
I2,48.2037451357725,88,No
I2,65.8962506548087,89,No
I2,71.5104345328214,90,No
I2,35.6638091814889,91,Yes
I2,38.1171298990796,92,No
I2,50.6792250889649,93,No
I2,32.0677079448067,94,No
I2,53.8412597169131,95,No
I2,59.103374232806,96,No
I2,27.8125239268573,97,No
I2,61.5992172815901,98,No
I2,86.2181462622134,99,Maybe
I2,NaN,100,No
I2,NaN,101,No
I2,0.966812761394961,102,No
I2,13.1125347906158,103,No
I2,55.6774595439428,104,Maybe
I2,5.08535406208608,105,Yes
I2,55.0815304655069,106,No
I2,65.8764469970206,107,No
I2,87.0248697153928,108,Maybe
I2,77.3349279100945,109,No
I2,37.4155067621485,110,No
I2,32.4199112297633,111,Maybe
I2,12.532589586947,112,Maybe
I2,55.4168037357455,113,No
I2,18.1196727150286,114,No
I2,37.3258085647088,115,Yes
I2,64.8529284579243,116,No
I2,4.39981395662246,117,Maybe
I2,23.0917155668174,118,Yes
I2,70.8650127476078,119,Maybe
I2,NaN,120,No
I2,31.7916827798249,121,Maybe
I2,36.9889082575489,122,No
I2,5.2133303622474,123,Maybe
I2,0.959769335510906,124,No
I2,80.7316842042358,125,Maybe
I2,5.94350606710583,126,Maybe
I2,NaN,127,Yes
I2,19.4391269335035,128,No
I2,31.692884138633,129,Maybe
I2,45.8056572005841,130,Yes
I2,NaN,131,Yes
I2,91.1272487111577,132,Maybe
I2,NaN,133,Yes
I2,95.5903340670925,134,No
I2,NaN,135,Maybe
I2,NaN,136,Yes
I2,NaN,137,Yes
I2,50.5273490469734,138,Maybe
I2,21.5809656023489,139,Yes
I2,NaN,140,Yes
I2,NaN,141,Maybe
I2,17.8382067376411,142,No
I2,NaN,143,No
I2,88.5908937380874,144,Yes
I2,75.1291818723986,145,Maybe
I2,99.6896333104595,146,No
I2,NaN,147,No
I2,62.3024149272116,148,No
I2,77.4640843120285,149,Maybe
I2,66.3673075271239,150,No
I2,73.4271410967644,151,Yes
I2,62.8360309369788,152,No
I2,34.151943759767,153,Maybe
I2,41.1196898126172,154,Yes
I2,76.7521206449809,155,No
I2,82.4945384310109,156,No
I2,52.8968513969396,157,Maybe
I2,83.5592063075139,158,Yes
I2,63.405765714307,159,Maybe
I2,40.2768721677329,160,No
I2,93.9073362127926,161,Yes
I2,9.97637300607129,162,Maybe
I2,57.6857603880678,163,Maybe
I2,74.5208560932586,164,No
I2,75.9887982424065,165,Maybe
I2,NaN,166,Yes
I2,NaN,167,No
I2,13.4744253580601,168,Yes
I2,0.888095642665754,169,Yes
I2,NaN,170,Yes
I2,NaN,171,No
I2,29.736531359914,172,Maybe
I2,NaN,173,Yes
I2,NaN,174,Yes
I2,0.950865594623262,175,Yes
I2,18.8919226976924,176,Yes
I2,81.309475354899,177,Maybe
I2,94.160514866764,178,Yes
I2,NaN,179,Yes
I2,62.5952212915221,180,Maybe
I2,NaN,181,Yes
I2,42.7866490467929,182,Yes
I2,NaN,183,No
I2,NaN,184,Yes
I2,11.2196355513557,185,Yes
I2,NaN,186,Yes
I2,85.1515166549161,187,Yes
I2,NaN,188,No
I2,NaN,189,Yes
I2,NaN,190,Yes
I2,55.9565083750845,191,Maybe
I2,NaN,192,Yes
I2,NaN,193,Yes
I2,25.2915846650801,194,Maybe
I2,24.688496615499,195,Maybe
I2,NaN,196,Yes
I2,NaN,197,Maybe
I2,13.13809882429,198,Maybe
I2,NaN,199,Maybe
I2,32.0380470951641,200,Maybe
D1,NaN,1,Maybe
D1,NaN,2,Maybe
D1,NaN,3,No
D1,NaN,4,Maybe
D1,84.241538203948,5,Maybe
D1,62.7963110822732,6,No
D1,52.490281860199,7,Maybe
D1,30.286991962097,8,No
D1,27.7978604455102,9,Maybe
D1,38.8353806202995,10,Maybe
D1,NaN,11,Maybe
D1,84.5528145253098,12,No
D1,2.68188343057461,13,Maybe
D1,74.791141850869,14,Maybe
D1,NaN,15,No
D1,NaN,16,Maybe
D1,80.81651258495,17,Maybe
D1,NaN,18,Maybe
D1,NaN,19,No
D1,NaN,20,No
D1,NaN,21,No
D1,NaN,22,Maybe
D1,75.1688919847233,23,Maybe
D1,29.0397595742692,24,Maybe
D1,79.3420485768248,25,No
D1,NaN,26,Maybe
D1,NaN,27,Maybe
D1,96.3809152999159,28,Maybe
D1,NaN,29,Maybe
D1,58.4022624093208,30,Maybe
D1,7.62017635717646,31,No
D1,60.4410233171512,32,Maybe
D1,NaN,33,Maybe
D1,NaN,34,Maybe
D1,NaN,35,No
D1,70.8544447724936,36,Yes
D1,NaN,37,No
D1,NaN,38,Maybe
D1,NaN,39,Maybe
D1,NaN,40,Maybe
D1,81.4605239761047,41,No
D1,10.7962461394244,42,No
D1,NaN,43,No
D1,NaN,44,Maybe
D1,NaN,45,No
D1,66.9928040325055,46,No
D1,NaN,47,No
D1,NaN,48,No
D1,NaN,49,No
D1,NaN,50,No
D1,NaN,51,No
D1,NaN,52,Yes
D1,NaN,53,Maybe
D1,NaN,54,Maybe
D1,NaN,55,No
D1,NaN,56,No
D1,NaN,57,Maybe
D1,21.1908390104011,58,No
D1,60.8456870237723,59,No
D1,NaN,60,No
D1,NaN,61,Maybe
D1,NaN,62,No
D1,NaN,63,No
D1,NaN,64,Maybe
D1,40.6096438498909,65,Maybe
D1,NaN,66,Maybe
D1,35.0283585858334,67,Maybe
D1,49.6856263283043,68,Maybe
D1,85.5980648138369,69,Maybe
D1,NaN,70,Maybe
D1,2.33963900709904,71,Maybe
D1,NaN,72,Maybe
D1,NaN,73,Maybe
D1,79.3850637747082,74,Maybe
D1,NaN,75,Maybe
D1,NaN,76,Maybe
D1,27.7522969675674,77,Maybe
D1,55.4323031006782,78,Maybe
D1,NaN,79,Maybe
D1,NaN,80,Maybe
D1,NaN,81,Maybe
D1,1.92556507032006,82,Maybe
D1,NaN,83,Maybe
D1,8.37877558840232,84,Maybe
D1,NaN,85,Maybe
D1,NaN,86,Maybe
D1,63.383319040728,87,Maybe
D1,NaN,88,Maybe
D1,NaN,89,Maybe
D1,NaN,90,Maybe
D1,NaN,91,Maybe
D1,NaN,92,Maybe
D1,46.3183983062062,93,No
D1,9.39385270920949,94,Maybe
D1,95.3391115212655,95,Maybe
D1,73.4068471414468,96,No
D1,99.9148852354351,97,Maybe
D1,88.5234951559746,98,Maybe
D1,90.2500587182604,99,Maybe
D1,49.7621669575774,100,Maybe
D1,NaN,101,No
D1,28.3121030541385,102,Maybe
D1,27.3133413533247,103,Maybe
D1,2.14285972556024,104,No
D1,15.4305092052019,105,Maybe
D1,3.90738741500457,106,Maybe
D1,91.8638849688972,107,No
D1,5.29756973429606,108,No
D1,92.8325407827085,109,Maybe
D1,17.7771336324598,110,No
D1,56.8335824257358,111,No
D1,36.8294877966284,112,Maybe
D1,19.2458866841615,113,No
D1,58.0974624113165,114,Maybe
D1,82.4799287367289,115,No
D1,7.09640019110989,116,Maybe
D1,22.0978714789412,117,No
D1,NaN,118,No
D1,60.4116317248862,119,Maybe
D1,37.9930870745,120,No
D1,59.0811845127423,121,Maybe
D1,72.1671468572267,122,No
D1,32.2711923448842,123,Maybe
D1,31.1106803218924,124,Maybe
D1,38.544199527928,125,Maybe
D1,72.0970960200878,126,No
D1,95.6987650157753,127,No
D1,33.8947958784485,128,Maybe
D1,21.4355867783675,129,No
D1,84.5368713162026,130,No
D1,59.0829703314474,131,Maybe
D1,28.4607382643762,132,No
D1,96.6523130192076,133,No
D1,3.26262279013429,134,No
D1,58.6071637355667,135,Maybe
D1,52.5127068948419,136,No
D1,NaN,137,No
D1,NaN,138,No
D1,51.4977869661566,139,Maybe
D1,14.1863476642373,140,No
D1,22.872204850054,141,Maybe
D1,56.0698152580534,142,Maybe
D1,73.9502127269519,143,Maybe
D1,NaN,144,Maybe
D1,39.9285978470028,145,Maybe
D1,41.2563542034098,146,Maybe
D1,NaN,147,Maybe
D1,71.5312123139012,148,Maybe
D1,32.8966868396065,149,Maybe
D1,84.057440696571,150,No
D1,72.0408231609273,151,No
D1,NaN,152,Maybe
D1,NaN,153,No
D1,NaN,154,No
D1,NaN,155,Maybe
D1,NaN,156,No
D1,NaN,157,No
D1,NaN,158,No
D1,25.224607415314,159,No
D1,40.7412829056737,160,No
D1,87.1415851230154,161,No
D1,85.4162335352848,162,Maybe
D1,95.6073451910742,163,No
D1,63.4831621409485,164,No
D1,7.88360746860787,165,Maybe
D1,45.9553512311799,166,No
D1,15.6109472244561,167,Maybe
D1,22.7248485382948,168,Maybe
D1,76.7921484711586,169,No
D1,71.6457871108223,170,Maybe
D1,81.9434839706125,171,Maybe
D1,54.342721470652,172,No
D1,69.7900815924909,173,Maybe
D1,51.331028700663,174,Maybe
D1,45.3353571908941,175,No
D1,27.3279407296203,176,No
D1,26.8694847295388,177,Yes
D1,NaN,178,No
D1,32.8407289663812,179,No
D1,18.6732275221863,180,Maybe
D1,1.35361451386532,181,No
D1,58.7537690138535,182,No
D1,62.8119165656715,183,Maybe
D1,83.3702727624248,184,No
D1,92.7432978222905,185,No
D1,78.8183331034033,186,No
D1,68.8748591772083,187,Maybe
D1,37.5486535832262,188,No
D1,24.7413101725631,189,No
D1,28.8689012194826,190,No
D1,NaN,191,No
D1,NaN,192,Yes
D1,NaN,193,Yes
D1,NaN,194,Yes
D1,NaN,195,No
D1,53.2278252491534,196,Yes
D1,35.6556971087505,197,Maybe
D1,NaN,198,Yes
D1,20.1763344949109,199,Yes
D1,NaN,200,Yes
D1,54.6502629128263,201,Maybe
D1,NaN,202,No
D1,NaN,203,No
D1,NaN,204,No
D1,NaN,205,Maybe
D1,NaN,206,Maybe
D1,NaN,207,Yes
D1,NaN,208,Yes
D1,29.0963439784992,209,Maybe
D1,9.25886159171041,210,No
D1,61.0704126302642,211,Maybe
D1,74.5689502392597,212,No
D1,19.697974492323,213,Maybe
D1,28.4341849243594,214,Maybe
D1,30.5098930402973,215,No
D1,NaN,216,Maybe
D1,43.25398519191,217,Yes
D1,52.145574993507,218,Yes
D1,87.5740141146293,219,Maybe
D1,NaN,220,Yes
D1,68.6831956066539,221,Yes
D1,24.3319211119572,222,Yes
D1,68.8581366466906,223,No
D1,79.5686341776781,224,Maybe
D1,35.1271486848446,225,Yes
D1,62.1521301844273,226,Yes
D1,39.8779115695879,227,Yes
D1,5.66974415156654,228,Maybe
D1,96.8503698716175,229,Yes
D1,3.31267605292734,230,Yes
D1,92.8654535467196,231,Yes
D1,5.70760615851333,232,No
D1,NaN,233,Maybe
D1,NaN,234,No
D1,87.8189285551915,235,No
D1,92.0625695125672,236,Maybe
D1,71.0642464570522,237,Maybe
D1,59.4631248748227,238,Yes
D1,13.3584785066014,239,Yes
D1,NaN,240,Yes
D1,NaN,241,Yes
D1,87.1564491729052,242,Yes
D1,NaN,243,Yes
D1,30.7155885089569,244,Yes
D1,37.7111141242241,245,Maybe
D1,NaN,246,No
D1,NaN,247,No
D1,79.587451485859,248,No
D1,21.8696415552452,249,Maybe
D1,59.7260391967778,250,No
D1,55.8107380842019,251,Yes
D1,95.2240300074074,252,Yes
D1,93.9397441788023,253,Yes
D1,NaN,254,Maybe
D1,78.0911696704711,255,Yes
D1,NaN,256,Yes
D1,32.1805348585796,257,Yes
D1,96.684259419216,258,No
D1,77.6111907654828,259,Maybe
D1,92.4807219472103,260,Maybe
D1,NaN,261,No
D1,87.9112778891347,262,Yes
D1,84.6225442486871,263,Yes
D1,16.7331218150023,264,No
D1,93.5409536463446,265,Yes
D1,NaN,266,Yes
D1,21.6044064919444,267,Maybe
D1,NaN,268,Yes
D1,40.3127049963899,269,Yes
D1,NaN,270,Yes
D1,NaN,271,Maybe
D1,37.0013346511141,272,Yes
D1,72.955995171852,273,Yes
D1,NaN,274,No
D1,NaN,275,No
D1,68.1884764038926,276,Maybe
D1,NaN,277,Yes
D1,NaN,278,Yes
D1,43.6696413679362,279,Maybe
D1,NaN,280,No
D1,NaN,281,Maybe
D1,NaN,282,Maybe
D1,82.6525485663273,283,Maybe
D1,NaN,284,Yes
D1,NaN,285,Yes
D1,NaN,286,Maybe
D1,86.671627788878,287,No
D1,NaN,288,Yes
D1,NaN,289,Yes
D1,NaN,290,Yes
D1,NaN,291,Yes
D1,NaN,292,No
D1,61.3206993963677,293,Maybe
D1,NaN,294,No
D1,46.9715429750463,295,Maybe
D1,NaN,296,Yes
D1,NaN,297,Maybe
D1,NaN,298,Yes
D1,NaN,299,Yes
D1,NaN,300,No
D1,11.1577811251492,301,Yes
D1,99.0001919120901,302,Yes
D1,NaN,303,Yes
D1,NaN,304,Maybe
D1,NaN,305,Yes
D1,NaN,306,Maybe
D1,4.76210533291595,307,Maybe
D1,NaN,308,Yes
D1,2.57638199260589,309,Yes
D2,NaN,1,Maybe
D2,NaN,2,Maybe
D2,NaN,3,No
D2,NaN,4,Maybe
D2,4.7608721438696,5,Maybe
D2,37.3501621325159,6,No
D2,65.6492962109107,7,Maybe
D2,99.7460567666755,8,No
D2,27.7357934998218,9,Maybe
D2,33.7233277989535,10,Maybe
D2,NaN,11,Maybe
D2,50.0511266591324,12,No
D2,81.2075158454871,13,Maybe
D2,73.6706978809138,14,Maybe
D2,NaN,15,No
D2,NaN,16,Maybe
D2,45.294991585664,17,Maybe
D2,NaN,18,Maybe
D2,NaN,19,No
D2,NaN,20,No
D2,NaN,21,No
D2,NaN,22,Maybe
D2,2.87784428056267,23,Maybe
D2,76.645520369052,24,Maybe
D2,56.1111120836484,25,No
D2,NaN,26,Maybe
D2,NaN,27,Maybe
D2,7.86353004760299,28,Maybe
D2,NaN,29,Maybe
D2,61.6946038620166,30,Maybe
D2,8.52470159542835,31,No
D2,98.3614794454597,32,Maybe
D2,NaN,33,Maybe
D2,NaN,34,Maybe
D2,NaN,35,No
D2,18.41996652798,36,Yes
D2,NaN,37,No
D2,NaN,38,Maybe
D2,NaN,39,Maybe
D2,NaN,40,Maybe
D2,93.6221917009543,41,No
D2,41.9995036473286,42,No
D2,NaN,43,No
D2,NaN,44,Maybe
D2,NaN,45,No
D2,54.0406269929587,46,No
D2,NaN,47,No
D2,NaN,48,No
D2,NaN,49,No
D2,NaN,50,No
D2,NaN,51,No
D2,NaN,52,Yes
D2,NaN,53,Maybe
D2,NaN,54,Maybe
D2,NaN,55,No
D2,NaN,56,No
D2,NaN,57,Maybe
D2,34.2169374736756,58,No
D2,57.1031861208743,59,No
D2,NaN,60,No
D2,NaN,61,Maybe
D2,NaN,62,No
D2,NaN,63,No
D2,NaN,64,Maybe
D2,85.0467610414681,65,Maybe
D2,NaN,66,Maybe
D2,84.8772899445961,67,Maybe
D2,78.6869336024933,68,Maybe
D2,55.8541473362104,69,Maybe
D2,NaN,70,Maybe
D2,43.0392719890212,71,Maybe
D2,NaN,72,Maybe
D2,NaN,73,Maybe
D2,54.9263471649219,74,Maybe
D2,NaN,75,Maybe
D2,NaN,76,Maybe
D2,52.9077834234204,77,Maybe
D2,48.3372712506837,78,Maybe
D2,NaN,79,Maybe
D2,NaN,80,Maybe
D2,NaN,81,Maybe
D2,54.2116632482445,82,Maybe
D2,NaN,83,Maybe
D2,99.5635502802349,84,Maybe
D2,NaN,85,Maybe
D2,NaN,86,Maybe
D2,72.9271499225894,87,Maybe
D2,NaN,88,Maybe
D2,NaN,89,Maybe
D2,NaN,90,Maybe
D2,NaN,91,Maybe
D2,NaN,92,Maybe
D2,22.0457760257735,93,No
D2,33.7829657331032,94,Maybe
D2,100.063555457385,95,Maybe
D2,53.9550900150367,96,No
D2,54.1606376809182,97,Maybe
D2,61.4763123848754,98,Maybe
D2,77.1054518564184,99,Maybe
D2,53.2444143116649,100,Maybe
D2,NaN,101,No
D2,22.902481713201,102,Maybe
D2,33.0129957324441,103,Maybe
D2,9.01791873871478,104,No
D2,6.62083292171888,105,Maybe
D2,63.8210904709641,106,Maybe
D2,97.683290070189,107,No
D2,13.9336128756533,108,No
D2,39.7293132272567,109,Maybe
D2,23.5533703606822,110,No
D2,28.9402532215733,111,No
D2,64.1206332988874,112,Maybe
D2,95.5113424002118,113,No
D2,75.7556067689475,114,Maybe
D2,85.9732004549563,115,No
D2,91.3250417217688,116,Maybe
D2,44.8959272154794,117,No
D2,NaN,118,No
D2,26.1669350553651,119,Maybe
D2,76.1679072368543,120,No
D2,73.4003314803363,121,Maybe
D2,94.6251409215029,122,No
D2,52.8272600386834,123,Maybe
D2,0.958432383073356,124,Maybe
D2,27.5181536466391,125,Maybe
D2,80.9472022677529,126,No
D2,41.7271631772093,127,No
D2,72.1667437295239,128,Maybe
D2,99.8464672229288,129,No
D2,17.8816014106684,130,No
D2,89.6785464735126,131,Maybe
D2,71.4210077046893,132,No
D2,33.7154633153404,133,No
D2,60.0566236674451,134,No
D2,83.2501936268702,135,Maybe
D2,87.6883757406385,136,No
D2,NaN,137,No
D2,NaN,138,No
D2,8.8630683872497,139,Maybe
D2,84.7177822510575,140,No
D2,31.5399560913992,141,Maybe
D2,45.3300496805869,142,Maybe
D2,37.8762631367907,143,Maybe
D2,NaN,144,Maybe
D2,74.5016910100914,145,Maybe
D2,34.4675530847271,146,Maybe
D2,NaN,147,Maybe
D2,49.0435364894572,148,Maybe
D2,20.4450564429106,149,Maybe
D2,58.5950317541934,150,No
D2,92.9796384844464,151,No
D2,NaN,152,Maybe
D2,NaN,153,No
D2,NaN,154,No
D2,NaN,155,Maybe
D2,NaN,156,No
D2,NaN,157,No
D2,NaN,158,No
D2,59.2455602352757,159,No
D2,35.7255758472951,160,No
D2,33.116523758322,161,No
D2,15.875516783297,162,Maybe
D2,0.445046610283562,163,No
D2,42.5686343419542,164,No
D2,92.2185339374893,165,Maybe
D2,64.281721021084,166,No
D2,31.5926192079099,167,Maybe
D2,9.72105197610321,168,Maybe
D2,57.5022774273246,169,No
D2,4.19848983846409,170,Maybe
D2,88.5474101535317,171,Maybe
D2,46.9430389246378,172,No
D2,32.6883465957942,173,Maybe
D2,18.4085220952141,174,Maybe
D2,15.5498322968992,175,No
D2,25.2839991122246,176,No
D2,26.8795621825642,177,Yes
D2,NaN,178,No
D2,85.6084970903184,179,No
D2,99.3596680465915,180,Maybe
D2,13.9985990177866,181,No
D2,11.3073895169599,182,No
D2,22.5434645694801,183,Maybe
D2,24.1853751639533,184,No
D2,1.18914845845678,185,No
D2,82.1721433787982,186,No
D2,29.985449295078,187,Maybe
D2,54.0682188678897,188,No
D2,82.0172653078362,189,No
D2,45.6406115198684,190,No
D2,NaN,191,No
D2,NaN,192,Yes
D2,NaN,193,Yes
D2,NaN,194,Yes
D2,NaN,195,No
D2,24.1921903438436,196,Yes
D2,13.8604289560428,197,Maybe
D2,NaN,198,Yes
D2,32.3704604809023,199,Yes
D2,NaN,200,Yes
D2,74.4832046154498,201,Maybe
D2,NaN,202,No
D2,NaN,203,No
D2,NaN,204,No
D2,NaN,205,Maybe
D2,NaN,206,Maybe
D2,NaN,207,Yes
D2,NaN,208,Yes
D2,90.632934550388,209,Maybe
D2,24.4306909628626,210,No
D2,13.1629143335411,211,Maybe
D2,85.9074337445028,212,No
D2,96.8156700744235,213,Maybe
D2,7.64264144316718,214,Maybe
D2,54.961099600632,215,No
D2,NaN,216,Maybe
D2,64.8018466497752,217,Yes
D2,55.4333100134521,218,Yes
D2,33.2535707532746,219,Maybe
D2,NaN,220,Yes
D2,75.0600084650624,221,Yes
D2,16.6984699238271,222,Yes
D2,62.4192154245768,223,No
D2,77.2070707385109,224,Maybe
D2,77.5578341730045,225,Yes
D2,52.8061737218049,226,Yes
D2,53.5695534619959,227,Yes
D2,7.82017635446783,228,Maybe
D2,78.9165471459686,229,Yes
D2,87.4217606494522,230,Yes
D2,64.778272402051,231,Yes
D2,86.3910829155543,232,No
D2,NaN,233,Maybe
D2,NaN,234,No
D2,37.8683420095845,235,No
D2,60.1486123403392,236,Maybe
D2,99.7948488143826,237,Maybe
D2,49.1330408987298,238,Yes
D2,82.1249017198622,239,Yes
D2,NaN,240,Yes
D2,NaN,241,Yes
D2,12.0807058889175,242,Yes
D2,NaN,243,Yes
D2,1.72759338770379,244,Yes
D2,48.2067357100043,245,Maybe
D2,NaN,246,No
D2,NaN,247,No
D2,56.0929694666221,248,No
D2,37.8930170258392,249,Maybe
D2,97.2802762487801,250,No
D2,46.709772027923,251,Yes
D2,16.0131481252,252,Yes
D2,93.3960069803315,253,Yes
D2,NaN,254,Maybe
D2,62.4912869613854,255,Yes
D2,NaN,256,Yes
D2,20.9648912037099,257,Yes
D2,57.9791993974911,258,No
D2,96.6821995758345,259,Maybe
D2,78.0361457639429,260,Maybe
D2,NaN,261,No
D2,90.5837590201429,262,Yes
D2,93.7932081648891,263,Yes
D2,28.865160027301,264,No
D2,65.0331251062501,265,Yes
D2,NaN,266,Yes
D2,16.5338518530582,267,Maybe
D2,NaN,268,Yes
D2,94.3581743298671,269,Yes
D2,NaN,270,Yes
D2,NaN,271,Maybe
D2,98.6209850280786,272,Yes
D2,84.8461505623825,273,Yes
D2,NaN,274,No
D2,NaN,275,No
D2,26.5581764819385,276,Maybe
D2,NaN,277,Yes
D2,NaN,278,Yes
D2,39.0988862532127,279,Maybe
D2,NaN,280,No
D2,NaN,281,Maybe
D2,NaN,282,Maybe
D2,17.1183655163942,283,Maybe
D2,NaN,284,Yes
D2,NaN,285,Yes
D2,NaN,286,Maybe
D2,74.3395598760153,287,No
D2,NaN,288,Yes
D2,NaN,289,Yes
D2,NaN,290,Yes
D2,NaN,291,Yes
D2,NaN,292,No
D2,68.6843207287775,293,Maybe
D2,NaN,294,No
D2,27.6479756849033,295,Maybe
D2,NaN,296,Yes
D2,NaN,297,Maybe
D2,NaN,298,Yes
D2,NaN,299,Yes
D2,NaN,300,No
D2,35.828556355081,301,Yes
D2,9.11961360543364,302,Yes
D2,NaN,303,Yes
D2,NaN,304,Maybe
D2,NaN,305,Yes
D2,NaN,306,Maybe
D2,25.9535716912697,307,Maybe
D2,NaN,308,Yes
D2,4.15584326110379,309,Yes
